{
    "f1_score_weighted": 0.8631395701965316,
    "classification_report": {
        "daisy": {
            "precision": 0.947603121516165,
            "recall": 0.8382642998027613,
            "f1-score": 0.8895866038723181,
            "support": 1014.0
        },
        "dandelion": {
            "precision": 0.9083275017494752,
            "recall": 0.9026425591098748,
            "f1-score": 0.9054761074293687,
            "support": 1438.0
        },
        "roses": {
            "precision": 0.7685714285714286,
            "recall": 0.7857838364167478,
            "f1-score": 0.7770823302840636,
            "support": 1027.0
        },
        "sunflowers": {
            "precision": 0.8879668049792531,
            "recall": 0.9562109025915997,
            "f1-score": 0.9208261617900172,
            "support": 1119.0
        },
        "tulips": {
            "precision": 0.8078703703703703,
            "recall": 0.818608287724785,
            "f1-score": 0.8132038834951456,
            "support": 1279.0
        },
        "accuracy": 0.8630253530712949,
        "macro avg": {
            "precision": 0.8640678454373385,
            "recall": 0.8603019771291537,
            "f1-score": 0.8612350173741827,
            "support": 5877.0
        },
        "weighted avg": {
            "precision": 0.8649427307046932,
            "recall": 0.8630253530712949,
            "f1-score": 0.8631395701965316,
            "support": 5877.0
        }
    },
    "confusion_matrix": [
        [
            850,
            68,
            30,
            33,
            33
        ],
        [
            25,
            1298,
            24,
            64,
            27
        ],
        [
            13,
            26,
            807,
            8,
            173
        ],
        [
            2,
            13,
            18,
            1070,
            16
        ],
        [
            7,
            24,
            171,
            30,
            1047
        ]
    ]
}