{
    "f1_score_weighted": 0.8335923521965385,
    "classification_report": {
        "daisy": {
            "precision": 0.9153094462540716,
            "recall": 0.8313609467455622,
            "f1-score": 0.8713178294573644,
            "support": 1014.0
        },
        "dandelion": {
            "precision": 0.8708586883029074,
            "recall": 0.8956884561891516,
            "f1-score": 0.8830990743914982,
            "support": 1438.0
        },
        "roses": {
            "precision": 0.7443237907206318,
            "recall": 0.7341772151898734,
            "f1-score": 0.7392156862745098,
            "support": 1027.0
        },
        "sunflowers": {
            "precision": 0.9182561307901907,
            "recall": 0.903485254691689,
            "f1-score": 0.9108108108108108,
            "support": 1119.0
        },
        "tulips": {
            "precision": 0.7329420396184886,
            "recall": 0.781078967943706,
            "f1-score": 0.7562452687358062,
            "support": 1279.0
        },
        "accuracy": 0.8329079462310702,
        "macro avg": {
            "precision": 0.8363380191372579,
            "recall": 0.8291581681519965,
            "f1-score": 0.8321377339339978,
            "support": 5877.0
        },
        "weighted avg": {
            "precision": 0.8354263373111397,
            "recall": 0.8329079462310702,
            "f1-score": 0.8335923521965385,
            "support": 5877.0
        }
    },
    "confussion_matrix": [
        [
            843,
            61,
            34,
            8,
            68
        ],
        [
            34,
            1288,
            14,
            53,
            49
        ],
        [
            17,
            38,
            754,
            9,
            209
        ],
        [
            7,
            54,
            9,
            1011,
            38
        ],
        [
            20,
            38,
            202,
            20,
            999
        ]
    ]
}