{"accuracy": [0.4844762980937958, 0.46875, 0.6083248257637024, 0.65625, 0.656431257724762, 0.625, 0.6746112704277039, 0.75, 0.6883072853088379, 0.71875, 0.7024418711662292, 0.75, 0.7189159989356995, 0.75, 0.7245698571205139, 0.6875, 0.727981686592102, 0.78125, 0.7365111708641052, 0.90625], "loss": [1.2288330793380737, 0.9707121849060059, 1.0000876188278198, 0.8185371160507202, 0.9036892652511597, 0.7707850933074951, 0.8565389513969421, 0.7591457366943359, 0.8130080699920654, 0.7829403877258301, 0.7802738547325134, 0.7610337734222412, 0.7427147626876831, 0.5565088391304016, 0.7291811108589172, 0.8171626329421997, 0.7168460488319397, 0.6732969284057617, 0.693092942237854, 0.3473531901836395], "val_accuracy": [0.5813873410224915, 0.5909090638160706, 0.6789148449897766, 0.6363636255264282, 0.6806318759918213, 0.6818181872367859, 0.6747939586639404, 0.6363636255264282, 0.7348901033401489, 0.7272727489471436, 0.7462225556373596, 0.7727272510528564, 0.7575549483299255, 0.6818181872367859, 0.7565247416496277, 0.6818181872367859, 0.7675137519836426, 0.7272727489471436, 0.7740384340286255, 0.8181818127632141], "val_loss": [1.0304181575775146, 0.9733793139457703, 0.8336557149887085, 0.8884913921356201, 0.8841595649719238, 0.7977233529090881, 0.8769180178642273, 1.0028953552246094, 0.7237734198570251, 0.9268292784690857, 0.6691489219665527, 0.5551213622093201, 0.641421377658844, 0.6079601049423218, 0.6452261805534363, 0.8075127005577087, 0.6113643646240234, 0.5551947951316833, 0.6220676302909851, 0.8044853806495667]}