{
    "f1_score_weighted": 0.8243660409108535,
    "classification_report": {
        "daisy": {
            "precision": 0.8886597938144329,
            "recall": 0.8500986193293886,
            "f1-score": 0.8689516129032258,
            "support": 1014.0
        },
        "dandelion": {
            "precision": 0.8068799034399518,
            "recall": 0.9297635605006954,
            "f1-score": 0.8639741518578352,
            "support": 1438.0
        },
        "roses": {
            "precision": 0.7343599615014437,
            "recall": 0.7429406037000974,
            "f1-score": 0.7386253630203291,
            "support": 1027.0
        },
        "sunflowers": {
            "precision": 0.8983666061705989,
            "recall": 0.8847184986595175,
            "f1-score": 0.8914903196758217,
            "support": 1119.0
        },
        "tulips": {
            "precision": 0.8124436429215509,
            "recall": 0.7044566067240031,
            "f1-score": 0.7546063651591289,
            "support": 1279.0
        },
        "accuracy": 0.8257614429130509,
        "macro avg": {
            "precision": 0.8281419815695956,
            "recall": 0.8223955777827404,
            "f1-score": 0.823529562523268,
            "support": 5877.0
        },
        "weighted avg": {
            "precision": 0.8269473650056205,
            "recall": 0.8257614429130509,
            "f1-score": 0.8243660409108535,
            "support": 5877.0
        }
    },
    "confusion_matrix": [
        [
            862,
            85,
            27,
            9,
            31
        ],
        [
            36,
            1337,
            13,
            36,
            16
        ],
        [
            26,
            69,
            763,
            22,
            147
        ],
        [
            16,
            87,
            12,
            990,
            14
        ],
        [
            30,
            79,
            224,
            45,
            901
        ]
    ]
}