{
    "f1_score_weighted": 0.6818798126595293,
    "classification_report": {
        "daisy": {
            "precision": 0.7967313585291114,
            "recall": 0.7692307692307693,
            "f1-score": 0.7827395885599598,
            "support": 1014.0
        },
        "dandelion": {
            "precision": 0.7723577235772358,
            "recall": 0.7927677329624478,
            "f1-score": 0.7824296499656829,
            "support": 1438.0
        },
        "roses": {
            "precision": 0.6552706552706553,
            "recall": 0.22395326192794549,
            "f1-score": 0.33381712626995647,
            "support": 1027.0
        },
        "sunflowers": {
            "precision": 0.7708333333333334,
            "recall": 0.8596961572832886,
            "f1-score": 0.812843261512463,
            "support": 1119.0
        },
        "tulips": {
            "precision": 0.5562260010970927,
            "recall": 0.7928068803752932,
            "f1-score": 0.6537717601547389,
            "support": 1279.0
        },
        "accuracy": 0.7020588735749532,
        "macro avg": {
            "precision": 0.7102838143614857,
            "recall": 0.6876909603559489,
            "f1-score": 0.6731202772925602,
            "support": 5877.0
        },
        "weighted avg": {
            "precision": 0.7087756546569216,
            "recall": 0.7020588735749532,
            "f1-score": 0.6818798126595293,
            "support": 5877.0
        }
    },
    "confusion_matrix": [
        [
            780,
            127,
            7,
            37,
            63
        ],
        [
            105,
            1140,
            4,
            142,
            47
        ],
        [
            43,
            44,
            230,
            42,
            668
        ],
        [
            8,
            114,
            4,
            962,
            31
        ],
        [
            43,
            51,
            106,
            65,
            1014
        ]
    ]
}