{
    "f1_score_weighted": 0.6997639992747893,
    "classification_report": {
        "daisy": {
            "precision": 0.7365988909426987,
            "recall": 0.7859960552268245,
            "f1-score": 0.7604961832061069,
            "support": 1014.0
        },
        "dandelion": {
            "precision": 0.6796875,
            "recall": 0.847009735744089,
            "f1-score": 0.7541795665634675,
            "support": 1438.0
        },
        "roses": {
            "precision": 0.5670103092783505,
            "recall": 0.6962025316455697,
            "f1-score": 0.625,
            "support": 1027.0
        },
        "sunflowers": {
            "precision": 0.8063660477453581,
            "recall": 0.8150134048257373,
            "f1-score": 0.8106666666666666,
            "support": 1119.0
        },
        "tulips": {
            "precision": 0.855973813420622,
            "recall": 0.40891321344800624,
            "f1-score": 0.5534391534391534,
            "support": 1279.0
        },
        "accuracy": 0.708694912370257,
        "macro avg": {
            "precision": 0.7291273122774059,
            "recall": 0.7106269881780454,
            "f1-score": 0.7007563139750789,
            "support": 5877.0
        },
        "weighted avg": {
            "precision": 0.7323014467988419,
            "recall": 0.708694912370257,
            "f1-score": 0.6997639992747893,
            "support": 5877.0
        }
    },
    "confusion_matrix": [
        [
            797,
            136,
            67,
            7,
            7
        ],
        [
            83,
            1218,
            28,
            105,
            4
        ],
        [
            80,
            149,
            715,
            19,
            64
        ],
        [
            56,
            119,
            19,
            912,
            13
        ],
        [
            66,
            170,
            432,
            88,
            523
        ]
    ]
}