{
    "f1_score_weighted": 0.8183290415743891,
    "classification_report": {
        "daisy": {
            "precision": 0.9073064340239912,
            "recall": 0.8205128205128205,
            "f1-score": 0.861729673744174,
            "support": 1014.0
        },
        "dandelion": {
            "precision": 0.8395225464190982,
            "recall": 0.8803894297635605,
            "f1-score": 0.8594704684317719,
            "support": 1438.0
        },
        "roses": {
            "precision": 0.6605577689243027,
            "recall": 0.807205452775073,
            "f1-score": 0.726555652936021,
            "support": 1027.0
        },
        "sunflowers": {
            "precision": 0.9234449760765551,
            "recall": 0.8623771224307417,
            "f1-score": 0.8918669131238447,
            "support": 1119.0
        },
        "tulips": {
            "precision": 0.7881944444444444,
            "recall": 0.7099296325254105,
            "f1-score": 0.7470176881941588,
            "support": 1279.0
        },
        "accuracy": 0.8167432363450741,
        "macro avg": {
            "precision": 0.8238052339776782,
            "recall": 0.8160828916015213,
            "f1-score": 0.8173280792859942,
            "support": 5877.0
        },
        "weighted avg": {
            "precision": 0.8247525263247165,
            "recall": 0.8167432363450741,
            "f1-score": 0.8183290415743891,
            "support": 5877.0
        }
    },
    "confusion_matrix": [
        [
            832,
            71,
            65,
            13,
            33
        ],
        [
            44,
            1266,
            57,
            45,
            26
        ],
        [
            12,
            35,
            829,
            2,
            149
        ],
        [
            11,
            82,
            25,
            965,
            36
        ],
        [
            18,
            54,
            279,
            20,
            908
        ]
    ]
}