{
    "f1_score_weighted": 0.8189167979917849,
    "classification_report": {
        "daisy": {
            "precision": 0.9073243647234679,
            "recall": 0.8442280945757997,
            "f1-score": 0.8746397694524496,
            "support": 1438.0
        },
        "dandelion": {
            "precision": 0.8511530398322851,
            "recall": 0.847009735744089,
            "f1-score": 0.8490763332171488,
            "support": 1438.0
        },
        "roses": {
            "precision": 0.6769815418023887,
            "recall": 0.8671766342141863,
            "f1-score": 0.7603658536585366,
            "support": 1438.0
        },
        "sunflowers": {
            "precision": 0.8973829201101928,
            "recall": 0.9061196105702365,
            "f1-score": 0.9017301038062284,
            "support": 1438.0
        },
        "tulips": {
            "precision": 0.8065661047027507,
            "recall": 0.6321279554937413,
            "f1-score": 0.7087719298245614,
            "support": 1438.0
        },
        "accuracy": 0.8193324061196106,
        "macro avg": {
            "precision": 0.827881594234217,
            "recall": 0.8193324061196107,
            "f1-score": 0.8189167979917851,
            "support": 7190.0
        },
        "weighted avg": {
            "precision": 0.827881594234217,
            "recall": 0.8193324061196106,
            "f1-score": 0.8189167979917849,
            "support": 7190.0
        }
    },
    "confusion_matrix": [
        [
            1214,
            76,
            95,
            16,
            37
        ],
        [
            55,
            1218,
            59,
            78,
            28
        ],
        [
            21,
            33,
            1247,
            7,
            130
        ],
        [
            24,
            59,
            29,
            1303,
            23
        ],
        [
            24,
            45,
            412,
            48,
            909
        ]
    ]
}