{
    "f1_score_weighted": 0.28507475524371445,
    "classification_report": {
        "daisy": {
            "precision": 0.30739299610894943,
            "recall": 0.07790927021696252,
            "f1-score": 0.12431156569630213,
            "support": 1014.0
        },
        "dandelion": {
            "precision": 0.2998439937597504,
            "recall": 0.9477317554240631,
            "f1-score": 0.455558189144347,
            "support": 1014.0
        },
        "roses": {
            "precision": 0.444947209653092,
            "recall": 0.29092702169625245,
            "f1-score": 0.3518187239117472,
            "support": 1014.0
        },
        "sunflowers": {
            "precision": 0.23333333333333334,
            "recall": 0.013806706114398421,
            "f1-score": 0.0260707635009311,
            "support": 1014.0
        },
        "tulips": {
            "precision": 0.5016949152542373,
            "recall": 0.4378698224852071,
            "f1-score": 0.4676145339652449,
            "support": 1014.0
        },
        "accuracy": 0.35364891518737673,
        "macro avg": {
            "precision": 0.3574424896218725,
            "recall": 0.35364891518737673,
            "f1-score": 0.2850747552437144,
            "support": 5070.0
        },
        "weighted avg": {
            "precision": 0.3574424896218725,
            "recall": 0.35364891518737673,
            "f1-score": 0.28507475524371445,
            "support": 5070.0
        }
    },
    "confusion_matrix": [
        [
            79,
            855,
            63,
            10,
            7
        ],
        [
            34,
            961,
            14,
            4,
            1
        ],
        [
            61,
            225,
            295,
            17,
            416
        ],
        [
            28,
            923,
            32,
            14,
            17
        ],
        [
            55,
            241,
            259,
            15,
            444
        ]
    ]
}